{"dataset_name": "a3nt-yts4", "columns": [{"column_name": "the_geom", "number_non_empty_cells": 1992, "number_empty_cells": 0, "number_distinct_values": 1336, "frequent_values": ["POINT (-73.98610528974463 40.695444662271335)", "POINT (-73.8316693059467 40.87403500170278)", "POINT (-73.88862599113038 40.85946655056229)", "POINT (-73.98706400797131 40.735361830024594)", "POINT (-73.85593070513221 40.82121847122283)"], "data_types": [{"type": "TEXT", "count": 1992, "shortest_values": ["POINT (-142.79870371802988 -90)", "POINT (-73.8310905036318 40.580907676681)", "POINT (-73.92252749339443 40.82301436419)", "POINT (-73.9368400443645 40.856239568665)", "POINT (-74.08707286306137 40.61062072455)"], "longest_values": ["POINT (-73.70861787557624 40.734266554767906)", "POINT (-73.72922681455492 40.684987744857224)", "POINT (-73.73483288721974 40.762241376596116)", "POINT (-73.73822670923792 40.655551498770116)", "POINT (-73.73972671955781 40.733888181469034)"], "average_length": 44.07730923694779}]}, {"column_name": "ATS_Code", "number_non_empty_cells": 1992, "number_empty_cells": 0, "number_distinct_values": 1931, "frequent_values": ["75X811", "27Q480", "21K344", "30Q228", "24Q311"], "data_types": [{"type": "TEXT", "count": 1992, "shortest_values": ["01M015", "01M019", "01M020", "01M034", "01M063"], "longest_values": ["01M015", "01M019", "01M020", "01M034", "01M063"], "average_length": 6.0}]}, {"column_name": "Loc_Code", "number_non_empty_cells": 1992, "number_empty_cells": 0, "number_distinct_values": 1931, "frequent_values": ["X811", "Q480", "K344", "Q228", "Q311"], "data_types": [{"type": "TEXT", "count": 1992, "shortest_values": ["K001", "K002", "K003", "K004", "K005"], "longest_values": ["K001", "K002", "K003", "K004", "K005"], "average_length": 4.0}]}, {"column_name": "Loc_Name", "number_non_empty_cells": 1992, "number_empty_cells": 0, "number_distinct_values": 1927, "frequent_values": ["P.S. X811", "P.S. 376", "John Adams High School", "Rachel Carson High School for Coastal Studies", "The Ivan Lafayette Early Childhood School of the Arts"], "data_types": [{"type": "TEXT", "count": 1992, "shortest_values": ["LYFE", "ALC -", "Kappa", "Muscota", "P.S. 36"], "longest_values": ["NYC Charter High School for Architecture, Engineering and Construction Industries (AECI)", "English Language Learners and International Support Preparatory Academy (ELLIS)", "Science Skills Center High School for Science, Technology and the Creative Arts", "Academy for College Preparation and Career Exploration: A College Board School", "PS 80 \u00c2\u00a0The Thurgood Marshall Magnet School of Multimedia and Communication"], "average_length": 29.504016064257026}]}, {"column_name": "Managed_by", "number_non_empty_cells": 1992, "number_empty_cells": 0, "number_distinct_values": 2, "frequent_values": ["1", "2"], "data_types": [{"type": "INTEGER (LONG)", "count": 1992, "max_value": 2, "min_value": 1, "mean": 1.1320281124497986, "stddev": 0.33852132868217066}]}, {"column_name": "LCC", "number_non_empty_cells": 1992, "number_empty_cells": 0, "number_distinct_values": 10, "frequent_values": ["2", "5", "3", "15", "4"], "data_types": [{"type": "INTEGER (LONG)", "count": 1992, "max_value": 36, "min_value": 1, "mean": 5.058232931726908, "stddev": 4.944940062208554}]}, {"column_name": "PrimaryBui", "number_non_empty_cells": 1992, "number_empty_cells": 0, "number_distinct_values": 1366, "frequent_values": ["K580", "X435", "M460", "X450", "X475"], "data_types": [{"type": "TEXT", "count": 1992, "shortest_values": ["K001", "K002", "K003", "K005", "K006"], "longest_values": ["K001", "K002", "K003", "K005", "K006"], "average_length": 4.0}]}, {"column_name": "BIN", "number_non_empty_cells": 1992, "number_empty_cells": 0, "number_distinct_values": 1334, "frequent_values": ["3348044", "2097470", "2011810", "1017828", "3043822"], "data_types": [{"type": "INTEGER (LONG)", "count": 1992, "max_value": 5149609, "min_value": 0, "mean": 2764075.324799196, "stddev": 1202859.5826383976}]}, {"column_name": "BBL", "number_non_empty_cells": 1992, "number_empty_cells": 0, "number_distinct_values": 1310, "frequent_values": ["0.0", "3001310001.0", "2051410150.0", "2030590001.0", "1008720057.0"], "data_types": [{"count": 1992, "type": "REAL", "max_value": 5078980001.0, "min_value": 0.0, "mean": 2664761544.288654, "stddev": 1188422057.590391}]}, {"column_name": "Address", "number_non_empty_cells": 1992, "number_empty_cells": 0, "number_distinct_values": 1372, "frequent_values": ["105 TECH PLACE", "500 EAST FORDHAM ROAD", "40 IRVING PLACE", "1980 LAFAYETTE AVENUE", "99 TERRACE VIEW AVENUE"], "data_types": [{"type": "TEXT", "count": 1992, "shortest_values": ["1 PECK SLIP", "26 BROADWAY", "26 Broadway", "50 AVENUE P", "50 AVENUE X"], "longest_values": ["1780 DR. MARTIN LUTHER KING JR. BLVD", "2987 FREDERICK DOUGLASS BOULEVARD", "100 WEST MOSHOLU PARKWAY SOUTH", "4140 HUTCHINSON RIVER PKWAY EA", "1010 REV. J. A. POLITE AVENUE"], "average_length": 18.466867469879517}]}, {"column_name": "City", "number_non_empty_cells": 1992, "number_empty_cells": 0, "number_distinct_values": 18, "frequent_values": ["BROOKLYN", "BRONX", "QUEENS", "MANHATTAN", "STATEN ISLAND"], "data_types": [{"type": "TEXT", "count": 1992, "shortest_values": ["BRONX", "Bronx", "QUEENS", "Queens", "BAYSIDE"], "longest_values": ["LONG ISLAND CITY", "JACKSON HEIGHTS", "NEW YORK CITY", "ROCKAWAY PARK", "STATEN ISLAND"], "average_length": 7.2906626506024095}]}, {"column_name": "BoroNum", "number_non_empty_cells": 1992, "number_empty_cells": 0, "number_distinct_values": 6, "frequent_values": ["3", "2", "4", "1", "5"], "data_types": [{"type": "INTEGER (LONG)", "count": 1992, "max_value": 7, "min_value": 1, "mean": 2.6641566265060233, "stddev": 1.140774234888835}]}, {"column_name": "State", "number_non_empty_cells": 1992, "number_empty_cells": 0, "number_distinct_values": 1, "frequent_values": ["NY"], "data_types": [{"type": "TEXT", "count": 1992, "shortest_values": ["NY"], "longest_values": ["NY"], "average_length": 2.0}]}, {"column_name": "Zip", "number_non_empty_cells": 1992, "number_empty_cells": 0, "number_distinct_values": 175, "frequent_values": ["10456", "11212", "10457", "11221", "11207"], "data_types": [{"type": "INTEGER (LONG)", "count": 1992, "max_value": 11791, "min_value": 10001, "mean": 10795.784638554234, "stddev": 531.4269372770111}]}, {"column_name": "GeoDistric", "number_non_empty_cells": 1992, "number_empty_cells": 0, "number_distinct_values": 33, "frequent_values": ["2", "10", "11", "31", "9"], "data_types": [{"type": "INTEGER (LONG)", "count": 1992, "max_value": 32, "min_value": 0, "mean": 15.637048192771093, "stddev": 9.33143050678181}]}, {"column_name": "AdiminDist", "number_non_empty_cells": 1992, "number_empty_cells": 0, "number_distinct_values": 37, "frequent_values": ["84", "2", "10", "31", "9"], "data_types": [{"type": "INTEGER (LONG)", "count": 1992, "max_value": 93, "min_value": 1, "mean": 28.716365461847385, "stddev": 27.309478275089777}]}, {"column_name": "XCoordinat", "number_non_empty_cells": 1992, "number_empty_cells": 0, "number_distinct_values": 1324, "frequent_values": ["988103", "1030803", "1015058", "987835", "1024125"], "data_types": [{"type": "INTEGER (LONG)", "count": 1992, "max_value": 1065003, "min_value": 0, "mean": 1005794.6696787153, "stddev": 31509.939458351877}]}, {"column_name": "YCoordinat", "number_non_empty_cells": 1992, "number_empty_cells": 0, "number_distinct_values": 1328, "frequent_values": ["192646", "257757", "252424", "207189", "238502"], "data_types": [{"type": "INTEGER (LONG)", "count": 1992, "max_value": 268380, "min_value": 0, "mean": 207270.3137550199, "stddev": 31387.79518329258}]}, {"column_name": "Zip Codes", "number_non_empty_cells": 1992, "number_empty_cells": 0, "number_distinct_values": 173, "frequent_values": ["10934", "10935", "17614", "18181", "17214"], "data_types": [{"type": "INTEGER (LONG)", "count": 1989, "max_value": 24671, "min_value": 10090, "mean": 14463.901458019114,