{
  "dataset_name": "hcv3-zacv",
  "columns": [
    {
      "column_name": "PermitNumber",
      "number_non_empty_cells": 27821,
      "number_empty_cells": 0,
      "number_distinct_values": 27821,
      "frequent_values": [
        "M022018096B36",
        "Q022015142A31",
        "M022015091B43",
        "M022016057C94",
        "M022015121B07"
      ],
      "data_types": [
        {
          "type": "TEXT",
          "count": 27821,
          "shortest_values": [
            "B022014101A06",
            "B022014105A00",
            "B022014107A04",
            "B022014108A00",
            "B022014112A02"
          ],
          "longest_values": [
            "B022014101A06",
            "B022014105A00",
            "B022014107A04",
            "B022014108A00",
            "B022014112A02"
          ],
          "average_length": 13.0
        }
      ]
    },
    {
      "column_name": "CraneTypeShortDesc",
      "number_non_empty_cells": 27821,
      "number_empty_cells": 0,
      "number_distinct_values": 10,
      "frequent_values": [
        "Main - Mobile",
        "Main",
        "Assist - Mobile",
        "Assist",
        "Main - Crawler"
      ],
      "data_types": [
        {
          "type": "TEXT",
          "count": 27821,
          "shortest_values": [
            "Main",
            "Tower",
            "Assist",
            "Crawler",
            "Main - Tower"
          ],
          "longest_values": [
            "Assist - Crawler",
            "Assist - Mobile",
            "Assist - Tower",
            "Main - Crawler",
            "Main - Mobile"
          ],
          "average_length": 9.28640235793106
        }
      ]
    },
    {
      "column_name": "CraneSerialNumber",
      "number_non_empty_cells": 27821,
      "number_empty_cells": 0,
      "number_distinct_values": 11097,
      "frequent_values": [
        "3550, 4534",
        "3550 - 4534",
        "1862, 2968, 3939, 4663",
        "73748934",
        "3977, 3978, 3997, 3998, 4005, 4383"
      ],
      "data_types": [
        {
          "type": "INTEGER (LONG)",
          "count": 15049,
          "max_value": 4126470148715001365838664777493049134086493247153630391750295021506135274773493043624332433343574775502735464906414543454346477247374738486749574409497447114713,
          "min_value": 11,
          "mean": 8.226946375077084e+155,
          "stddev": ""
        },
        {
          "count": 15133,
          "type": "REAL",
          "max_value": 4.126470148715001e+159,
          "min_value": 11.0,
          "mean": 8.181280380528319e+155,
          "stddev": ""
        },
        {
          "type": "TEXT",
          "count": 12688,
          "shortest_values": [
            "11",
            "859",
            "1961",
            "2525",
            "2654"
          ],
          "longest_values": [
            "4571, 3658, 3866, 4715, 3527, 3588, 3688, 4190, 4345, 4346,4737, 4738, 4772, 4867, 4932, 4409, 4507, 4706, 4819, 3767,4251, 3766, 4035, 4415, 4098, 4286, 4767, 4539, 3999, 4413,4074, 4073, 3897, 4098, 4957,4126, 3630, 3917, &amp; 4276",
            "3527, 3658, 4701, 4871, 4126, 4276, 4715, 4706, 4705, 4777,4704, 3866, 3588, 3688, 4190, 4711, 4713, 3917, 3630, 4345,4346, 4737, 4772, 4867, 4932, 4409, 4819, 4507, 4957, 4932,4913, 4906, 3546, 4145, 4775, 4844, 4930, 4974, 4773",
            "4571, 3658, 3866, 4715, 3527, 3588, 3688, 4190, 4345, 4346,4738, 4772, 4867, 4932, 4507, 4706, 4819, 3767, 4251, 3766,4415, 4098, 4286, 4767, 4539, 3999, 4413, 4074, 4073, 3897,4098, 4957, 4276, 3917, 3630, 4126",
            "3866, 4715, 3527, 3588, 3688, 4190,4345, 4346, 4737, 4772,4409,4819 -3767 -4251 -3766 -4035 -4415 -4098 -4286,4767 -4539 -3999 -3674 -4016 -4413 -4074 -4073,3897,3658 -4738 -4867 -4932 -4409 -4507 -4706,4571",
            "4126, 4701, 4871, 5001, 3658, 3866, 4777, 4930, 4913, 4086,4932, 4715, 3630, 3917, 5029, 5021, 5061, 3527, 4773, 4930,4362, 4357, 4775, 5027, 3546, 4906, 4345, 4346, 4772, 4737,4738, 4957, 4409, 4974, 4711"
          ],
          "average_length": 68.7891708701135
        }
      ]
    },
    {
      "column_name": "CreatedOn",
      "number_non_empty_cells": 27821,
      "number_empty_cells": 0,
      "number_distinct_values": 26966,
      "frequent_values": [
        "12/21/2016 12:45:52 PM",
        "03/31/2017 04:34:51 PM",
        "08/22/2017 08:23:03 AM",
        "03/13/2018 02:08:57 PM",
        "03/22/2018 10:23:10 AM"
      ],
      "data_types": [
        {
          "type": "TEXT",
          "count": 27821,
          "shortest_values": [
            "01/01/2015 09:45:23 AM",
            "01/01/2015 09:47:56 AM",
            "01/01/2015 10:06:28 AM",
            "01/01/2019 04:38:20 PM",
            "01/02/2015 02:36:43 PM"
          ],
          "longest_values": [
            "01/01/2015 09:45:23 AM",
            "01/01/2015 09:47:56 AM",
            "01/01/2015 10:06:28 AM",
            "01/01/2019 04:38:20 PM",
            "01/02/2015 02:36:43 PM"
          ],
          "average_length": 22.0
        }
      ]
    },
    {
      "column_name": "ModifiedOn",
      "number_non_empty_cells": 27821,
      "number_empty_cells": 0,
      "number_distinct_values": 6973,
      "frequent_values": [
        "01/01/2016 12:05:29 AM",
        "01/01/2019 12:05:35 AM",
        "11/23/2015 12:05:18 AM",
        "01/01/2015 12:05:24 AM",
        "01/01/2017 12:05:34 AM"
      ],
      "data_types": [
        {
          "type": "TEXT",
          "count": 27821,
          "shortest_values": [
            "01/01/2015 09:45:27 AM",
            "01/01/2015 09:48:02 AM",
            "01/01/2015 10:06:30 AM",
            "01/01/2015 12:05:24 AM",
            "01/01/2016 12:05:29 AM"
          ],
          "longest_values": [
            "01/01/2015 09:45:27 AM",
            "01/01/2015 09:48:02 AM",
            "01/01/2015 10:06:30 AM",
            "01/01/2015 12:05:24 AM",
            "01/01/2016 12:05:29 AM"
          ],
          "average_length": 22.0
        }
      ]
    }
  ],
  "key_column_candidates": [
    "PermitNumber"
  ]
}