{"dataset_name": "Steam Consumption by ZIP Code - 2010", "columns": {"ZIP": {"column_name": "ZIP", "number_non_empty_cells": 102, "number_empty_cells": 0, "number_distinct_values": 33, "frequent_values": ["10019(40.76761164716, -73.991805500224)", "10022(40.758630224006, -73.96809182218)", "10017(40.752456527447, -73.97297648088)", "10003(40.731943947555, -73.98887214913)", "10004(40.688827825344, -74.019112505837)"], "data_types": [{"type": "INTEGER (LONG)", "count": 1, "max_value": 10048, "min_value": 10048, "mean": 10048.0, "stddev": 0.0}, {"type": "TEXT", "count": 101, "shortest_values": ["10022(40.758630224006, -73.96809182218)", "10019(40.76761164716, -73.991805500224)", "10003(40.731943947555, -73.98887214913)", "10128(40.781770000585, -73.95062814907)", "10011(40.744715266696, -74.00460000029)"], "longest_values": ["10028(40.776344978838, -73.952966679569)", "10075(40.772939491764, -73.956090162631)", "10021(40.769205327664, -73.959183941086)", "10004(40.688827825344, -74.019112505837)", "10014(40.733586451354, -74.010199604728)"], "average_length": 39.722772277227726}]}, "Building type (service class)": {"column_name": "Building type (service class)", "number_non_empty_cells": 102, "number_empty_cells": 0, "number_distinct_values": 2, "frequent_values": ["Commercial", "Large Residential"], "data_types": [{"type": "TEXT", "count": 102, "shortest_values": ["Commercial", "Large Residential"], "longest_values": ["Large Residential", "Commercial"], "average_length": 12.058823529411764}]}, " Consumption (mlbs) ": {"column_name": " Consumption (mlbs) ", "number_non_empty_cells": 102, "number_empty_cells": 0, "number_distinct_values": 102, "frequent_values": [7340, 71987, 199301, 17430, 9492], "data_types": [{"type": "INTEGER (LONG)", "count": 102, "max_value": 6839913, "min_value": 227, "mean": 228457.33333333334, "stddev": 731475.5364742024}]}, " Consumption (Mg) ": {"column_name": " Consumption (Mg) ", "number_non_empty_cells": 102, "number_empty_cells": 0, "number_distinct_values": 102, "frequent_values": [84720, 125785, 161496, 7109, 4612], "data_types": [{"type": "INTEGER (LONG)", "count": 102, "max_value": 3102533, "min_value": 103, "mean": 103626.48039215687, "stddev": 331791.77299601305}]}, "Utility/Data Source": {"column_name": "Utility/Data Source", "number_non_empty_cells": 102, "number_empty_cells": 0, "number_distinct_values": 1, "frequent_values": ["ConEd"], "data_types": [{"type": "TEXT", "count": 102, "shortest_values": ["ConEd"], "longest_values": ["ConEd"], "average_length": 5.0}]}}, "key_column_candidates": [" Consumption (mlbs) ", " Consumption (Mg) "], "time_elapsed": 98.21092534065247}