{"dataset_name": "Energy and Water Data Disclosure for Local Law 84 2013 (Data for Calendar Year 2012)", "columns": {"BBL": {"column_name": "BBL", "number_non_empty_cells": 14255, "number_empty_cells": 14, "number_distinct_values": 13331, "frequent_values": ["2047120001", "4070210001", "2047130001", "2047210017", "2047220012"], "data_types": [{"type": "INTEGER (LONG)", "count": 14129, "max_value": 5080080134, "min_value": 3814046, "mean": 2238299972.05011, "stddev": 1240767817.2013667}, {"type": "TEXT", "count": 126, "shortest_values": ["Lot 16", "\t\t\t\t\t\t", "Lot 848", "2095398,", "1082769;"], "longest_values": ["1082850;1082851;1082852;1082853;1082857;1082858;1082859;1082860;1082862;1082863;1082865;1082866;1082867;1082868;1082869;1082870;1082871;1082872;1082874;1082875;1082877;1082878\"", "Note: This BBL is not a building, but a loading dock, as designated by the NYC DOB.  There is no energy consumption associated with this address.\"", "\t40.705676\t-73.945513\t1\t34\t505\tEast Williamsburg                                                          ", "\t40.704233\t-73.946055\t1\t34\t491\tEast Williamsburg                                                          ", "\t40.705512\t-73.947161\t1\t34\t491\tEast Williamsburg                                                          "], "average_length": 24.08730158730159}]}, "Street Number": {"column_name": "Street Number", "number_non_empty_cells": 11454, "number_empty_cells": 2815, "number_distinct_values": 2751, "frequent_values": [null, 1.0, 2.0, 100.0, 120.0], "data_types": [{"type": "INTEGER (LONG)", "count": 11454, "max_value": 76179, "min_value": 1, "mean": 1033.2648856294745, "stddev": 1655.3177278678424}]}, "Street Name": {"column_name": "Street Name", "number_non_empty_cells": 14158, "number_empty_cells": 111, "number_distinct_values": 2309, "frequent_values": ["BROADWAY", "   5 AVENUE", "PARK AVENUE", "   3 AVENUE", "MADISON AVENUE"], "data_types": [{"type": "REAL", "count": 38, "max_value": -73.85931, "min_value": -74.169595, "mean": -73.96822310526314, "stddev": 0.06703433284719379}, {"type": "INTEGER (LONG)", "count": 14, "max_value": 4460241, "min_value": 4444403, "mean": 4450676.785714285, "stddev": 7448.638985819585}, {"type": "TEXT", "count": 14106, "shortest_values": ["PIER", "BOWERY", "PIER 9", "23 ROAD", "73 ROAD"], "longest_values": ["BRIGHTON    5 STREET", "PELHAM PARKWAY NORTH", "FREDRICK DOUGLASS BL", "BRIGHTON   14 STREET", "BRIGHTON   12 STREET"], "average_length": 13.965475684106055}]}, "Borough": {"column_name": "Borough", "number_non_empty_cells": 14150, "number_empty_cells": 119, "number_distinct_values": 18, "frequent_values": ["MANHATTAN", "BROOKLYN", "QUEENS", "BRONX", "STATEN ISLAND"], "data_types": [{"type": "INTEGER (LONG)", "count": 38, "max_value": 15, "min_value": 1, "mean": 5.7631578947368425, "stddev": 3.758738663899141}, {"type": "TEXT", "count": 14112, "shortest_values": ["BRONX", "QUEENS", "BROOKLYN", "MANHATTAN", "STATEN ISLAND"], "longest_values": ["STATEN ISLAND", "MANHATTAN", "BROOKLYN", "QUEENS", "BRONX"], "average_length": 7.617488662131519}]}, "Postcode": {"column_name": "Postcode", "number_non_empty_cells": 14150, "number_empty_cells": 119, "number_distinct_values": 206, "frequent_values": [10025, 10022, 10019, 10001, 10016], "data_types": [{"type": "INTEGER (LONG)", "count": 14150, "max_value": 11694, "min_value": 0, "mean": 10536.105017667844, "stddev": 970.1820421486333}]}, "Benchmarking Submission": {"column_name": "Benchmarking Submission", "number_non_empty_cells": 14150, "number_empty_cells": 119, "number_distinct_values": 34, "frequent_values": ["Yes", "No Record as of 08/1/13", null, "393", "96"], "data_types": [{"type": "INTEGER (LONG)", "count": 38, "max_value": 61004, "min_value": 7, "mean": 4213.710526315789, "stddev": 11985.466290707203}, {"type": "TEXT", "count": 14112, "shortest_values": ["Yes", "No Record as of 08/1/13"], "longest_values": ["No Record as of 08/1/13", "Yes"], "average_length": 6.008786848072562}]}, "Entry Number": {"column_name": "Entry Number", "number_non_empty_cells": 12027, "number_empty_cells": 2242, "number_distinct_values": 11743, "frequent_values": [null, "6446", "10626", "8238", "8113"], "data_types": [{"type": "INTEGER (LONG)", "count": 11989, "max_value": 13040, "min_value": 1, "mean": 6444.970889982484, "stddev": 3723.9767656062154}, {"type": "TEXT", "count": 38, "shortest_values": ["Upper West Side                                                            ", "Clinton                                                                    ", "Brighton Beach                                                             ", "East Williamsburg                                                          ", "Bushwick South                                                             "], "longest_values": ["Upper West Side                                                            ", "Clinton                                                                    ", "Brighton Beach                                                             ", "East Williamsburg                                                          ", "Bushwick South                                                             "], "average_length": 75.0}]}, "Site EUI(kBtu/ft2)": {"column_name": "Site EUI(kBtu/ft2)", "number_non_empty_cells": 11074, "number_empty_cells": 3195, "number_distinct_values": 1974, "frequent_values": [null, 0.0, 74.8, 71.4, 89.5], "data_types": [{"type": "INTEGER (LONG)", "count": 11074, "max_value": 494449, "min_value": 0, "mean": 441.4778761061947, "stddev": 6792.328568657566}]}, "Weather Normalized Source EUI(kBtu/ft2)": {"column_name": "Weather Normalized Source EUI(kBtu/ft2)", "number_non_empty_cells": 11071, "number_empty_cells": 3198, "number_distinct_values": 3021, "frequent_values": [null, 0.0, 120.1, 112.8, 111.0], "data_types": [{"type": "INTEGER (LONG)", "count": 11071, "max_value": 576072, "min_value": 0, "mean": 624.1325986812393, "stddev": 8420.068329937638}]}, "Indoor Water Intensity (All Water Sources)(gal/ft2)": {"column_name": "Indoor Water Intensity (All Water Sources)(gal/ft2)", "number_non_empty_cells": 6867, "number_empty_cells": 7402, "number_distinct_values": 4126, "frequent_values": [null, 0.0, 1.7, 54.43, 38.71], "data_types": [{"type": "INTEGER (LONG)", "count": 6867, "max_value": 41737, "min_value": 0, "mean": 58.2437745740498, "stddev": 545.9390868204334}]}, "Reported Water Method": {"column_name": "Reported Water Method", "number_non_empty_cells": 11989, "number_empty_cells": 2280, "number_distinct_values": 3, "frequent_values": ["Manual", "ABS", null], "data_types": [{"type": "TEXT", "count": 11989, "shortest_values": ["ABS", "Manual"], "longest_values": ["Manual", "ABS"], "average_length": 5.107932271248645}]}, "ENERGY STAR Score": {"column_name": "ENERGY STAR Score", "number_non_empty_cells": 11989, "number_empty_cells": 2280, "number_distinct_values": 103, "frequent_values": ["N/A", null, "100", "1", "78"], "data_types": [{"type": "INTEGER (LONG)", "count": 1864, "max_value": 100, "min_value": 1, "mean": 62.752682403433475, "stddev": 29.27576253105406}, {"type": "TEXT", "count": 10125, "shortest_values": ["N/A", "Exempt"], "longest_values": ["Exempt", "N/A"], "average_length": 3.0023703703703704}]}, "Total GHG Emissions(MtCO2e)": {"column_name": "Total GHG Emissions(MtCO2e)", "number_non_empty_cells": 11024, "number_empty_cells": 3245, "number_distinct_values": 10413, "frequent_values": [null, 14.05, 82561.06, 80528.81, 8506.52], "data_types": [{"type": "INTEGER (LONG)", "count": 11024, "max_value": 22449210, "min_value": 0, "mean": 10699.971698113208, "stddev": 269291.7322560562}]}, "Property Floor Area (Buildngs and Parking)(ft2)": {"column_name": "Property Floor Area (Buildngs and Parking)(ft2)", "number_non_empty_cells": 11989, "number_empty_cells": 2280, "number_distinct_values": 9415, "frequent_values": [null, 0, 60000, 75000, 70000], "data_types": [{"type": "INTEGER (LONG)",