{"dataset_name": "Production office space", "columns": {"Studio Name": {"column_name": "Studio Name", "number_non_empty_cells": 75, "number_empty_cells": 0, "number_distinct_values": 62, "frequent_values": ["New York, NY 10036", "New York, NY 10010", "New York, NY 10019", "New York, NY 10001", "New York, NY 10017"], "data_types": [{"type": "TEXT", "count": 75, "shortest_values": ["Bond", "HSR/NY", "Soundtrack", "audioEngine", "Mediaracket"], "longest_values": ["(40.765136973451, -73.983146890679)\"", "(40.740167320246, -73.995686422457)\"", "(40.744929207453, -73.989792880475)\"", "(40.739650187141, -73.989109395733)\"", "(40.766225153107, -73.989595029629)\""], "average_length": 23.30666666666667}]}, "Postcode": {"column_name": "Postcode", "number_non_empty_cells": 50, "number_empty_cells": 25, "number_distinct_values": 38, "frequent_values": [null, "10036", "10010", "10001", "10019"], "data_types": [{"type": "INTEGER (LONG)", "count": 25, "max_value": 10170, "min_value": 10001, "mean": 10023.32, "stddev": 32.06084215990417}, {"type": "TEXT", "count": 25, "shortest_values": ["315 Madison", "665 Broadway", "928 Broadway", "817 Broadway", "936 Broadway"], "longest_values": ["449 Washington Street", "420 Lexington Avenue", "512 151st Street", "250 49th Street", "245 55th Street"], "average_length": 14.28}]}, "Phone": {"column_name": "Phone", "number_non_empty_cells": 36, "number_empty_cells": 39, "number_distinct_values": 26, "frequent_values": [null, "MANHATTAN", "212-420-6010", "212-961-7337", "212-213-0808"], "data_types": [{"type": "TEXT", "count": 36, "shortest_values": ["MANHATTAN", "917-749-0271", "212-533-9400", "212-213-0808", "212-961-7337"], "longest_values": ["917-749-0271", "212-533-9400", "212-213-0808", "212-961-7337", "212-473-2700"], "average_length": 11.083333333333334}]}, "Fax": {"column_name": "Fax", "number_non_empty_cells": 28, "number_empty_cells": 47, "number_distinct_values": 29, "frequent_values": [null, "40.733043", "40.727354", "212-564-1092", "212-265-6363"], "data_types": [{"type": "REAL", "count": 11, "max_value": 40.829289, "min_value": 40.72384, "mean": 40.750673363636366, "stddev": 0.027119900473369703}, {"type": "TEXT", "count": 17, "shortest_values": ["212-490-9737", "212-564-1092", "212-265-6363", "212-627-2838", "212-633-9933"], "longest_values": ["212-490-9737", "212-564-1092", "212-265-6363", "212-627-2838", "212-633-9933"], "average_length": 12.0}]}, "Website": {"column_name": "Website", "number_non_empty_cells": 36, "number_empty_cells": 39, "number_distinct_values": 37, "frequent_values": [null, "www.sergeaudio.com", "www.pomannsound.com", "www.bondedit.com", "www.videoactiveprod.com"], "data_types": [{"type": "REAL", "count": 11, "max_value": -73.945487, "min_value": -74.010275, "mean": -73.98541345454545, "stddev": 0.015232814072894845}, {"type": "TEXT", "count": 25, "shortest_values": ["www.hsrny.com", "www.bondedit.com", "www.nhtsound.com", "www.hoboaudio.com", "www.mixopolis.com"], "longest_values": ["http://studiocenter.com/Home.aspx", "www.vrtclentertainment.com", "www.integratedstudios.com", "www.strongboystudios.com", "www.videoactiveprod.com"], "average_length": 20.16}]}, "Email": {"column_name": "Email", "number_non_empty_cells": 34, "number_empty_cells": 41, "number_distinct_values": 29, "frequent_values": [null, "5", "2", "booking@splash-studios.com", "info@hoboaudio.com"], "data_types": [{"type": "INTEGER (LONG)", "count": 11, "max_value": 9, "min_value": 1, "mean": 4.363636363636363, "stddev": 2.05703790890632}, {"type": "TEXT", "count": 23, "shortest_values": ["vworks@aol.com", "zoes@hsrny.com", "sharon@tonic.tv", "info@hoboaudio.com", "larry@nhtsound.com"], "longest_values": ["maegan.hayward@soundtrackny.com", "jeff_beckerman@bondedit.com", "info@vrtclentertainment.com", "booking@splash-studios.com", "ny411@strongboystudios.com"], "average_length": 21.391304347826086}]}, "Location 1": {"column_name": "Location 1", "number_non_empty_cells": 36, "number_empty_cells": 39, "number_distinct_values": 31, "frequent_values": [null, "4", "2", "1", "245 55th Street"], "data_types": [{"type": "DATE/TIME", "count": 2, "max_value": "5 47th St", "min_value": "2 46th St"}, {"type": "INTEGER (LONG)", "count": 11, "max_value": 7, "min_value": 1, "mean": 3.090909090909091, "stddev": 1.6762808104168887}, {"type": "TEXT", "count": 23, "shortest_values": ["19 21st St", "28 27th St", "62 45th St", "49 23rd St", "45 45th St"], "longest_values": ["420 Lexington Avenue", "449 Washington St", "512 151st Street", "245 55th Street", "440 41st Street"], "average_length": 12.826086956521738}]}, "Number and Street Address": {"column_name": "Number and Street Address", "number_non_empty_cells": 11, "number_empty_cells": 64, "number_distinct_values": 11, "frequent_values": [null, 56, 61, 111, 92], "data_types": [{"type": "INTEGER (LONG)", "count": 11, "max_value": 5501, "min_value": 39, "mean": 585.0909090909091, "stddev": 1555.3996536725306}]}, "Borough": {"column_name": "Borough", "number_non_empty_cells": 11, "number_empty_cells": 64, "number_distinct_values": 12, "frequent_values": [null, 1083504, 1009134, 1022661, 1013623], "data_types": [{"type": "INTEGER (LONG)", "count": 11, "max_value": 1083504, "min_value": 1002920, "mean": 1028452.1818181818, "stddev": 23355.01524422289}]}, "Latitude": {"column_name": "Latitude", "number_non_empty_cells": 11, "number_empty_cells": 64, "number_distinct_values": 12, "frequent_values": [null, 1007610037, 1020820043, 1008500012, 1005320015], "data_types": [{"type": "INTEGER (LONG)", "count": 11, "max_value": 1020820043, "min_value": 1002247503, "mean": 1009317521.8181819, "stddev": 4686821.230503327}]}, "Longitude": {"column_name": "Longitude", "number_non_empty_cells": 11, "number_empty_cells": 64, "number_distinct_values": 8, "frequent_values": [null, "Hudson Yards-Chelsea-Flatiron-Union Square                                 ", "Midtown-Midtown South                                                      ", "West Village                                                               ", "SoHo-TriBeCa-Civic Center-Little Italy                                     "], "data_types": [{"type": "TEXT", "count": 11, "shortest_values": ["Hamilton Heights", "Murray Hill-Kips Bay", "West Village                                                               ", "Turtle Bay-East Midtown                                                    ", "SoHo-TriBeCa-Civic Center-Little Italy                                     "], "longest_values": ["West Village                                                               ", "Turtle Bay-East Midtown                                                    ", "SoHo-TriBeCa-Civic Center-Little Italy                                     ", "Midtown-Midtown South                                                      ", "Hudson Yards-Chelsea-Flatiron-Union Square                                 "], "average_length": 64.63636363636364}]}, "Community Board": {"column_name": "Community Board", "number_non_empty_cells": 0, "number_empty_cells": 75, "number_distinct_values": 1, "frequent_values": [null], "data_types": []}, "Community Council ": {"column_name": "Community Council ", "number_non_empty_cells": 0, "number_empty_cells": 75, "number_distinct_values": 1, "frequent_values": [null], "data_types": []}, "Census Tract": {"column_name": "Census Tract", "number_non_empty_cells": 0, "number_empty_cells": 75, "number_distinct_values": 1, "frequent_values": [null], "data_types": []}, "BIN": {"column_name": "BIN", "number_non_empty_cells": 0, "number_empty_cells": 75, "number_distinct_values": 1, "frequent_values": [null], "data_types": []}, "BBL": {"column_name": "BBL", "number_non_empty_cells": 0, "number_empty_cells": 75, "number_distinct_values": 1, "frequent_values": [null], "data_types": []}, "NTA": {"column_name": "NTA", "number_non_empty_cells": 0, "number_empty_cells": 75, "number_distinct_values": 1, "frequent_values": [null], "data_types": []}},