{"dataset_name": "NYC Independent Budget Office (IBO) Tax Revenue FY 1980 - FY 2014", "columns": {"Year": {"column_name": "Year", "number_non_empty_cells": 39, "number_empty_cells": 0, "number_distinct_values": 39, "frequent_values": [1990, 2003, 2007, 2018, 2015], "data_types": [{"type": "INTEGER (LONG)", "count": 39, "max_value": 2018, "min_value": 1980, "mean": 1999.0, "stddev": 11.254628677422755}]}, "Property": {"column_name": "Property", "number_non_empty_cells": 39, "number_empty_cells": 0, "number_distinct_values": 39, "frequent_values": [7239192544, 7473579658, 20202022324, 16369446933, 7100360301], "data_types": [{"type": "INTEGER (LONG)", "count": 39, "max_value": 26407629785, "min_value": 3196210196, "mean": 10643925921.76923, "stddev": 6365120514.569908}]}, "Personal Income, Total": {"column_name": "Personal Income, Total", "number_non_empty_cells": 39, "number_empty_cells": 0, "number_distinct_values": 39, "frequent_values": [5611710247, 2798160103, 3919554941, 1546639083, 13411314750], "data_types": [{"type": "INTEGER (LONG)", "count": 39, "max_value": 13411314750, "min_value": 879294718, "mean": 5522150591.256411, "stddev": 3433184016.0230107}]}, "Less: Transfers to Debt Service Funds and Adjustments": {"column_name": "Less: Transfers to Debt Service Funds and Adjustments", "number_non_empty_cells": 39, "number_empty_cells": 0, "number_distinct_values": 13, "frequent_values": [0, -138229000, -163756000, -55895000, -16109000], "data_types": [{"type": "INTEGER (LONG)", "count": 39, "max_value": 0, "min_value": -684607000, "mean": -95705102.56410256, "stddev": 183712063.5785717}]}, "Personal Income, General Fund Revenue": {"column_name": "Personal Income, General Fund Revenue", "number_non_empty_cells": 39, "number_empty_cells": 0, "number_distinct_values": 39, "frequent_values": [5136826858, 5364597247, 4555058628, 2798160103, 3919554941], "data_types": [{"type": "INTEGER (LONG)", "count": 39, "max_value": 13411314750, "min_value": 879294718, "mean": 5426445488.692307, "stddev": 3402431209.370226}]}, "General Sales": {"column_name": "General Sales", "number_non_empty_cells": 39, "number_empty_cells": 0, "number_distinct_values": 39, "frequent_values": [5610243143, 1827790570, 7034093674, 4890737750, 3373354384], "data_types": [{"type": "INTEGER (LONG)", "count": 39, "max_value": 7460489693, "min_value": 1142245558, "mean": 3658205566.0, "stddev": 1801779125.3328202}]}, "General Corporation": {"column_name": "General Corporation", "number_non_empty_cells": 39, "number_empty_cells": 0, "number_distinct_values": 39, "frequent_values": [1173782306, 4101887263, 1858608755, 1518633812, 767192865], "data_types": [{"type": "INTEGER (LONG)", "count": 39, "max_value": 4101887263, "min_value": 532872360, "mean": 1999976326.1538463, "stddev": 1050436125.4266119}]}, "Financial Corporation": {"column_name": "Financial Corporation", "number_non_empty_cells": 39, "number_empty_cells": 0, "number_distinct_values": 39, "frequent_values": [285399320, 435332297, 1387976925, 307378758, 394829608], "data_types": [{"type": "INTEGER (LONG)", "count": 39, "max_value": 1658179166, "min_value": 106574386, "mean": 613975503.6923077, "stddev": 445193988.0357391}]}, "Unincorporated Business Income": {"column_name": "Unincorporated Business Income", "number_non_empty_cells": 39, "number_empty_cells": 0, "number_distinct_values": 39, "frequent_values": [407635356, 301864664, 365917756, 1954137624, 315341026], "data_types": [{"type": "INTEGER (LONG)", "count": 39, "max_value": 2269383550, "min_value": 97673358, "mean": 940236955.8461539, "stddev": 707121420.5447011}]}, "Mortgage Recording": {"column_name": "Mortgage Recording", "number_non_empty_cells": 39, "number_empty_cells": 0, "number_distinct_values": 39, "frequent_values": [70893413, 817243371, 1154626971, 434418283, 366389968], "data_types": [{"type": "INTEGER (LONG)", "count": 39, "max_value": 1569640288, "min_value": 33270587, "mean": 490924892.1282051, "stddev": 436311845.1488202}]}, "Commercial Rent": {"column_name": "Commercial Rent", "number_non_empty_cells": 39, "number_empty_cells": 0, "number_distinct_values": 39, "frequent_values": [787035441, 476821351, 468326556, 584211979, 771185687], "data_types": [{"type": "INTEGER (LONG)", "count": 39, "max_value": 921373697, "min_value": 218814717, "mean": 558722881.6666666, "stddev": 176019321.22256503}]}, "Conveyance of Real Property": {"column_name": "Conveyance of Real Property", "number_non_empty_cells": 39, "number_empty_cells": 0, "number_distinct_values": 39, "frequent_values": [106809812, 1096431375, 69584143, 290689023, 1726232218], "data_types": [{"type": "INTEGER (LONG)", "count": 39, "max_value": 1788182063, "min_value": 36484219, "mean": 606995683.3589743, "stddev": 555724985.709855}]}, "Other Taxes": {"column_name": "Other Taxes", "number_non_empty_cells": 39, "number_empty_cells": 0, "number_distinct_values": 39, "frequent_values": [660091813, 540695459, 632364786, 880437866, 1517821773], "data_types": [{"type": "INTEGER (LONG)", "count": 39, "max_value": 1673169252, "min_value": 540695459, "mean": 1022430333.2820513, "stddev": 356229252.8548173}]}, "Total Taxes": {"column_name": "Total Taxes", "number_non_empty_cells": 39, "number_empty_cells": 0, "number_distinct_values": 39, "frequent_values": [54662405259, 23340478893, 28143954164, 7649311674, 6959452005], "data_types": [{"type": "INTEGER (LONG)", "count": 39, "max_value": 59103947447, "min_value": 6959452005, "mean": 25961839552.589745, "stddev": 14815268366.21785}]}}, "key_column_candidates": ["Year", "Property", "Personal Income, Total", "Personal Income, General Fund Revenue", "General Sales", "General Corporation", "Financial Corporation", "Unincorporated Business Income", "Mortgage Recording", "Commercial Rent", "Conveyance of Real Property", "Other Taxes", "Total Taxes"], "time_elapsed": 143.27651953697205}