{"dataset_name": "Directory Of Homebase Locations", "columns": {"Provider": {"column_name": "Provider", "number_non_empty_cells": 26, "number_empty_cells": 0, "number_distinct_values": 12, "frequent_values": ["CCNS", "RiseBoro Community Partnership", "ARCHNY I", "HELP II", "ARCHNY II"], "data_types": [{"type": "TEXT", "count": 26, "shortest_values": ["SUS", "CCNS", "CAMBA", "HELP I", "HELP II"], "longest_values": ["RiseBoro Community Partnership", "Bronxworks", "ARCHNY II", "ARCHNY I", "CAMBA II"], "average_length": 10.0}]}, "Service Area Zip Code": {"column_name": "Service Area Zip Code", "number_non_empty_cells": 26, "number_empty_cells": 0, "number_distinct_values": 17, "frequent_values": ["11206, 11211, 11221, 11222, 11237, 11249, 11251", "10462, 10472, 10473, 10474", "10467, 10470, 10453, 10463, 10468, 10471", "Queens", "10461, 10464, 10465, 10466, 10469, 10475"], "data_types": [{"type": "INTEGER (LONG)", "count": 3, "max_value": 11212, "min_value": 10456, "mean": 10960.0, "stddev": 356.38181771801993}, {"type": "TEXT", "count": 23, "shortest_values": ["Queens", "Manhattan", "10459, 10460", "10457, 10458", "Staten Island"], "longest_values": ["11204, 11209, 11210, 11214, 11218, 11219, 11220, 11223, 11224, 11226, 11228, 11229,11230,11232, 11235", "11201, 11205, 11213, 11215, 11216, 11217,11225, 11231, 11233, 11238", "11206, 11211, 11221, 11222, 11237, 11249, 11251", "11207, 11208, 11239, 11203, 11234, 11236", "10467, 10470, 10453, 10463, 10468, 10471"], "average_length": 31.52173913043478}]}, "Address": {"column_name": "Address", "number_non_empty_cells": 26, "number_empty_cells": 0, "number_distinct_values": 26, "frequent_values": ["1475 Myrtle Ave, 1st fl", "1958 Fulton Street, 2nd fl", "2901 White Plains Road", "161-10 Jamaica Ave, 5th fl, Jamaica", "890 Garrison Ave, LL"], "data_types": [{"type": "TEXT", "count": 26, "shortest_values": ["890 Garrison Ave, LL", "2322 3rd Ave, 3rd fl", "145 East 98st 2nd fl", "815 Burke Ave, 1st fl", "1875 Broadway, 1st fl"], "longest_values": ["120 Stuyvesant Place, 4th fl , Suite 413", "161-10 Jamaica Ave, 5th fl, Jamaica", "516 West 181st Street, 4th fl", "1860 East Tremont Ave, 1st fl", "1117 Eastern Parkway, 3rd fl"], "average_length": 25.423076923076923}]}, "Phone Number": {"column_name": "Phone Number", "number_non_empty_cells": 26, "number_empty_cells": 0, "number_distinct_values": 23, "frequent_values": ["929-234-3036", "917-492-1019", "917-819-3200", "718-647-1015", "718-508-3100"], "data_types": [{"type": "TEXT", "count": 26, "shortest_values": ["929-234-3036", "917-492-1019", "718-408-5766", "718-508-3100", "718-647-1015"], "longest_values": ["718-408-5756 x37100", "929-234-3036", "917-492-1019", "718-408-5766", "718-508-3100"], "average_length": 12.26923076923077}]}, "Postcode": {"column_name": "Postcode", "number_non_empty_cells": 26, "number_empty_cells": 0, "number_distinct_values": 23, "frequent_values": [10301, 11207, 10467, 11226, 11213], "data_types": [{"type": "INTEGER (LONG)", "count": 26, "max_value": 11691, "min_value": 10033, "mean": 10792.423076923076, "stddev": 470.3821010688345}]}, "Borough": {"column_name": "Borough", "number_non_empty_cells": 26, "number_empty_cells": 0, "number_distinct_values": 5, "frequent_values": ["BRONX", "BROOKLYN", "QUEENS", "STATEN IS", "MANHATTAN"], "data_types": [{"type": "TEXT", "count": 26, "shortest_values": ["BRONX", "QUEENS", "BROOKLYN", "STATEN IS", "MANHATTAN"], "longest_values": ["STATEN IS", "MANHATTAN", "BROOKLYN", "QUEENS", "BRONX"], "average_length": 6.846153846153846}]}, "Latitude": {"column_name": "Latitude", "number_non_empty_cells": 26, "number_empty_cells": 0, "number_distinct_values": 26, "frequent_values": [40.680824, 40.636872, 40.678793, 40.828869, 40.630799], "data_types": [{"type": "INTEGER (LONG)", "count": 26, "max_value": 40, "min_value": 40, "mean": 40.0, "stddev": 0.0}]}, "Longitude": {"column_name": "Longitude", "number_non_empty_cells": 26, "number_empty_cells": 0, "number_distinct_values": 26, "frequent_values": [-73.91959, -73.881858, -73.921426, -73.920384, -73.9849393], "data_types": [{"type": "INTEGER (LONG)", "count": 26, "max_value": -73, "min_value": -74, "mean": -73.07692307692308, "stddev": 0.2664693550107581}]}, "Community Board": {"column_name": "Community Board", "number_non_empty_cells": 26, "number_empty_cells": 0, "number_distinct_values": 19, "frequent_values": [304, 205, 305, 501, 209], "data_types": [{"type": "INTEGER (LONG)", "count": 26, "max_value": 501, "min_value": 111, "mean": 277.0, "stddev": 98.30134203638242}]}, "Council District": {"column_name": "Council District", "number_non_empty_cells": 26, "number_empty_cells": 0, "number_distinct_values": 20, "frequent_values": [37, 49, 15, 41, 18], "data_types": [{"type": "INTEGER (LONG)", "count": 26, "max_value": 49, "min_value": 8, "mean": 27.26923076923077, "stddev": 13.639754374924937}]}, "Census Tract": {"column_name": "Census Tract", "number_non_empty_cells": 26, "number_empty_cells": 0, "number_distinct_values": 26, "frequent_values": [720.0, 389.0, 1130.0, 301.0, 794.0], "data_types": [{"type": "INTEGER (LONG)", "count": 26, "max_value": 101001, "min_value": 3, "mean": 6649.384615384615, "stddev": 20916.134004596188}]}, "BIN": {"column_name": "BIN", "number_non_empty_cells": 26, "number_empty_cells": 0, "number_distinct_values": 26, "frequent_values": [3402450, 3075697, 3418179, 2054713, 2005939], "data_types": [{"type": "INTEGER (LONG)", "count": 26, "max_value": 5114330, "min_value": 1054497, "mean": 2840930.730769231, "stddev": 1056045.3841421613}]}, "BBL": {"column_name": "BBL", "number_non_empty_cells": 26, "number_empty_cells": 0, "number_distinct_values": 26, "frequent_values": [3035480001, 2039270001, 2046050012, 2050350034, 3013900044], "data_types": [{"type": "INTEGER (LONG)", "count": 26, "max_value": 5004970007, "min_value": 1017750033, "mean": 2732009156.8846154, "stddev": 997051406.572308}]}, "NTA": {"column_name": "NTA", "number_non_empty_cells": 26, "number_empty_cells": 0, "number_distinct_values": 25, "frequent_values": ["Bushwick South", "East New York (Pennsylvania Ave)", "Mount Hope", "Stapleton-Rosebank", "East Concourse-Concourse Village"], "data_types": [{"type": "TEXT", "count": 26, "shortest_values": ["Erasmus", "Jamaica", "Flatlands", "Bronxdale", "Mount Hope"], "longest_values": ["West New Brighton-New Brighton-St. George", "University Heights-Morris Heights", "East New York (Pennsylvania Ave)", "East Concourse-Concourse Village", "Melrose South-Mott Haven North"], "average_length": 18.53846153846154}]}}, "key_column_candidates": ["Address", "Latitude", "Longitude", "Census Tract", "BIN", "BBL"], "time_elapsed": 140.15494894981384}