{"dataset_name": "Parks Inspection Program \u2013 Daily Immediate Attentions", "columns": {"Type": {"column_name": "Type", "number_non_empty_cells": 67436, "number_empty_cells": 0, "number_distinct_values": 6, "frequent_values": ["IA", "Graffiti Hazard", "Graffiti", "NBF", "Drinking Fountain"], "data_types": [{"type": "TEXT", "count": 67436, "shortest_values": ["IA", "NBF", "Graffiti", "Spray Showers", "Graffiti Hazard"], "longest_values": ["Drinking Fountain", "Graffiti Hazard", "Spray Showers", "Graffiti", "NBF"], "average_length": 3.0636455305771397}]}, "Inspection ID": {"column_name": "Inspection ID", "number_non_empty_cells": 67436, "number_empty_cells": 0, "number_distinct_values": 26351, "frequent_values": [101327, 116348, 88703, 111404, 117003], "data_types": [{"type": "INTEGER (LONG)", "count": 67436, "max_value": 123481, "min_value": 54915, "mean": 89029.87035114775, "stddev": 20213.417615265364}]}, "Type Key": {"column_name": "Type Key", "number_non_empty_cells": 67436, "number_empty_cells": 0, "number_distinct_values": 67436, "frequent_values": [53691, 40383, 47217, 31261, 43714], "data_types": [{"type": "INTEGER (LONG)", "count": 67436, "max_value": 221562, "min_value": 30452, "mean": 73944.55029954328, "stddev": 28861.007111010633}]}, "LastFieldInspectionDate": {"column_name": "LastFieldInspectionDate", "number_non_empty_cells": 64503, "number_empty_cells": 2933, "number_distinct_values": 4216, "frequent_values": [null, 20160722000000.0, 20081205000000.0, 20140827000000.0, 20090122000000.0], "data_types": [{"type": "INTEGER (LONG)", "count": 64503, "max_value": 20191031000000, "min_value": 20011203000000, "mean": 20137228631040.418, "stddev": 33643474371.963303}]}, "DateTimeEntered": {"column_name": "DateTimeEntered", "number_non_empty_cells": 67252, "number_empty_cells": 184, "number_distinct_values": 67252, "frequent_values": [null, 20150612143728.03, 20081118113849.293, 20100407135402.59, 20150728112727.973], "data_types": [{"type": "INTEGER (LONG)", "count": 67252, "max_value": 20190830122636, "min_value": 20080404085702, "mean": 20136021208382.87, "stddev": 34262618660.318768}]}, "iaAddedDate": {"column_name": "iaAddedDate", "number_non_empty_cells": 58166, "number_empty_cells": 9270, "number_distinct_values": 2242, "frequent_values": [null, 20170830230000.0, 20140625230000.0, 20171129230000.0, 20160708230000.0], "data_types": [{"type": "INTEGER (LONG)", "count": 58166, "max_value": 20190625230000, "min_value": 20090330230000, "mean": 20143497363668.72, "stddev": 29170862458.5709}]}, "OtherComments": {"column_name": "OtherComments", "number_non_empty_cells": 61510, "number_empty_cells": 5926, "number_distinct_values": 59699, "frequent_values": [null, "removed", "painted over", "none", "Graffiti removed"], "data_types": [{"type": "TEXT", "count": 61510, "shortest_values": ["Y", "No", "no", "NO", "ZEP"], "longest_values": ["\"WR #1288597 submitted to forestry - James.Eckard(4/3/2016 10:52:30 AM)Inspected by Forester Smith 4/14/2016:  34\"\" cherry fair, 50\"\" elm fair, 44\"\" elm good, 48\"\" elm good, 60\"\" cherry poor.  TREE REMOVAL AND PRUNE DEAD LIMB - sibylle.menendez(4/26/2016 7:46\"", "\"The ia's for battery park p/g 2\"\" gaps were addressed in june, 2009.\u00a0 we applied a product called \"\"crack stix\"\"\u00a0 and it worked for a short time.\u00a0 the underlying problem is the age of the safety surface...the center of each pad is very worn, causing the edge\"", "\"the ia's for battery park p/g 2\"\" gaps were addressed in june, 2009.\u00a0 we applied a product called \"\"crack stix\"\"\u00a0 and it worked for a short time.\u00a0 the underlying problem is the age of the safety surface...the center of each pad is very worn, causing the edge\"", "\"1291581 written to Queens Foretsry - Yvonne.Esposito(4/9/2016 9:21:28 AM)Inspected by Forester Smith 4/13/2016:  3 trees.  34\"\" dbh silver maple, 28\"\" dbh red maple.  Hanging limbs along 3rd Ave.  Also 29\"\" dbh red maple fair condition.  along path.  hangi\"", "\"Inspected by Forestry PS1:  19\"\"dbh London planetree in good condition 3rd tree from flag poll near comfort station and 18\"\" dbh London planetree in good condition 2nd tree from flag poll near comfort station.  PRUNE DEAD LIMBS - sibylle.menendez(4/26/2016\""], "average_length": 98.36483498618111}]}, "Priority": {"column_name": "Priority", "number_non_empty_cells": 67366, "number_empty_cells": 70, "number_distinct_values": 6, "frequent_values": ["2", "1", "Z", null, "P"], "data_types": [{"type": "INTEGER (LONG)", "count": 64181, "max_value": 2, "min_value": 1, "mean": 1.9411975506769916, "stddev": 0.2352545882158801}, {"type": "TEXT", "count": 3185, "shortest_values": ["C", "Z", "P"], "longest_values": ["C", "Z", "P"], "average_length": 1.0}]}, "Feature": {"column_name": "Feature", "number_non_empty_cells": 67345, "number_empty_cells": 91, "number_distinct_values": 22, "frequent_values": ["Paved Surfaces", "Trees", "Litter", "Benches", "Graffiti"], "data_types": [{"type": "TEXT", "count": 67345, "shortest_values": ["Z", "Ice", "Glass", "Trees", "Weeds"], "longest_values": ["Horticultural Areas", "Athletic Fields", "Safety Surface", "Paved Surfaces", "Play Equipment"], "average_length": 8.622540648897468}]}, "WorkOrderNumber": {"column_name": "WorkOrderNumber", "number_non_empty_cells": 24783, "number_empty_cells": 42653, "number_distinct_values": 21304, "frequent_values": [null, "N/A", "n/a", "NA", "none"], "data_types": [{"type": "REAL", "count": 5, "max_value": 1878930.0, "min_value": 9.16452, "mean": 653219.7030559999, "stddev": 814991.8032385993}, {"type": "DATE/TIME", "count": 176, "max_value": "9904-09-03 00:00:00", "min_value": "0239-09-03 00:00:00"}, {"type": "INTEGER (LONG)", "count": 18319, "max_value": 40002124, "min_value": 0, "mean": 1239101.4737158143, "stddev": 1124265.8325339928}, {"type": "TEXT", "count": 6283, "shortest_values": ["`", ",", "?", "NA", "MW"], "longest_values": ["new zone, not in", "576774 Sodickson", "956568 submitted", "1266858  1245827", "935062 submitted"], "average_length": 7.505968486391851}]}, "Extended": {"column_name": "Extended", "number_non_empty_cells": 67436, "number_empty_cells": 0, "number_distinct_values": 2, "frequent_values": ["No", "Yes"], "data_types": [{"type": "TEXT", "count": 67436, "shortest_values": ["No", "Yes"], "longest_values": ["Yes", "No"], "average_length": 2.00020760424699}]}, "SignedOff": {"column_name": "SignedOff", "number_non_empty_cells": 67252, "number_empty_cells": 184, "number_distinct_values": 3, "frequent_values": ["Yes", "No", null], "data_types": [{"type": "TEXT", "count": 67252, "shortest_values": ["No", "Yes"], "longest_values": ["Yes", "No"], "average_length": 2.9940522214952714}]}, "orgtbl": {"column_name": "orgtbl", "number_non_empty_cells": 67436, "number_empty_cells": 0, "number_distinct_values": 2, "frequent_values": ["Resolved", "Unresolved"], "data_types": [{"type": "TEXT", "count": 67436, "shortest_values": ["Resolved", "Unresolved"], "longest_values": ["Unresolved", "Resolved"], "average_length": 8.005457025920872}]}}, "key_column_candidates": ["Type Key"], "time_elapsed": 192.26363158226013}