{"dataset_name": "Natural Gas Consumption by ZIP Code - 2010", "columns": {"Zip Code": {"column_name": "Zip Code", "number_non_empty_cells": 1015, "number_empty_cells": 0, "number_distinct_values": 231, "frequent_values": ["11427(40.729310574324, -73.750676021281)", "11377(40.745193764481, -73.90484714408)", "11432(40.71311535449, -73.792820999789)", "11428(40.721396964798, -73.741937297268)", "11370(40.75935377086, -73.8918440004)"], "data_types": [{"type": "INTEGER (LONG)", "count": 51, "max_value": 11696, "min_value": 10300, "mean": 11323.43137254902, "stddev": 264.69044108920053}, {"type": "TEXT", "count": 964, "shortest_values": ["11370(40.75935377086, -73.8918440004)", "11361(40.764188848137, -73.7723255286)", "10022(40.758630224006, -73.96809182218)", "11377(40.745193764481, -73.90484714408)", "11385(40.701224891615, -73.88334858437)"], "longest_values": ["10457(40.845798371298, -73.898324186812)", "10034(40.870617109292, -73.924223258796)", "11420(40.673345242689, -73.817707171649)", "11358(40.760350968822, -73.796326458199)", "11362(40.759074216602, -73.734300177111)"], "average_length": 39.79979253112033}]}, "Building type (service class": {"column_name": "Building type (service class", "number_non_empty_cells": 1015, "number_empty_cells": 0, "number_distinct_values": 7, "frequent_values": ["Commercial", "Residential", "Small residential", "Institutional", "Large residential"], "data_types": [{"type": "TEXT", "count": 1015, "shortest_values": ["Industrial", "Commercial", "Residential", "Institutional", "Small residential"], "longest_values": ["Small residential", "Large residential", "Large Residential", "Institutional", "Residential"], "average_length": 12.432512315270936}]}, " Consumption (therms) ": {"column_name": " Consumption (therms) ", "number_non_empty_cells": 1005, "number_empty_cells": 10, "number_distinct_values": 1006, "frequent_values": [null, 657191, 2955224, 2866327, 2433066], "data_types": [{"type": "INTEGER (LONG)", "count": 1005, "max_value": 42747652, "min_value": 1, "mean": 2750243.6577114426, "stddev": 4295123.682071193}]}, " Consumption (GJ) ": {"column_name": " Consumption (GJ) ", "number_non_empty_cells": 1005, "number_empty_cells": 10, "number_distinct_values": 1000, "frequent_values": [null, 219, 2307, 14882, 119], "data_types": [{"type": "INTEGER (LONG)", "count": 1005, "max_value": 4510117, "min_value": 0, "mean": 290166.10447761195, "stddev": 453159.60935834626}]}, "Utility/Data Source": {"column_name": "Utility/Data Source", "number_non_empty_cells": 1015, "number_empty_cells": 0, "number_distinct_values": 2, "frequent_values": ["ConEd", "National Grid"], "data_types": [{"type": "TEXT", "count": 1015, "shortest_values": ["ConEd", "National Grid"], "longest_values": ["National Grid", "ConEd"], "average_length": 8.917241379310346}]}}, "key_column_candidates": [], "time_elapsed": 76.19193363189697}