{"dataset_name": "/user/hm74/NYCOpenData/a3nt-yts4.tsv.gz", "columns": [{"column_name": "the_geom", "number_non_empty_cells": 1992, "number_empty_cells": 0, "number_distinct_values": 1336, "frequent_values": ["POINT (-73.98610528974463 40.695444662271335)", "POINT (-73.8316693059467 40.87403500170278)", "POINT (-73.88862599113038 40.85946655056229)", "POINT (-73.98706400797131 40.735361830024594)", "POINT (-73.85593070513221 40.82121847122283)"], "data_type": [{"type": "TEXT", "count": 1992, "shortest_value": ["POINT (-142.79870371802988 -90)", "POINT (-73.92252749339443 40.82301436419)", "POINT (-74.08707286306137 40.61062072455)", "POINT (-73.8310905036318 40.580907676681)", "POINT (-73.9368400443645 40.856239568665)"], "longest_value": ["POINT (-74.19343130285691 40.528152084906814)", "POINT (-73.91994936765849 40.818645755585536)", "POINT (-73.90666218819634 40.655644079602936)", "POINT (-73.89108663457915 40.842564256904176)", "POINT (-73.91175118719372 40.696457424118094)"], "average_length": 44.07730923694779}]}, {"column_name": "ATS_Code", "number_non_empty_cells": 1992, "number_empty_cells": 0, "number_distinct_values": 1931, "frequent_values": ["75X811", "27Q480", "21K344", "30Q228", "24Q311"], "data_type": [{"type": "TEXT", "count": 1992, "shortest_value": ["75Q233", "02M212", "29Q034", "17K091", "31R455"], "longest_value": ["75Q233", "02M212", "29Q034", "17K091", "31R455"], "average_length": 6.0}]}, {"column_name": "Loc_Code", "number_non_empty_cells": 1992, "number_empty_cells": 0, "number_distinct_values": 1931, "frequent_values": ["X811", "Q480", "K344", "Q228", "Q311"], "data_type": [{"type": "TEXT", "count": 1992, "shortest_value": ["Q233", "M212", "Q034", "K091", "R455"], "longest_value": ["Q233", "M212", "Q034", "K091", "R455"], "average_length": 4.0}]}, {"column_name": "Loc_Name", "number_non_empty_cells": 1992, "number_empty_cells": 0, "number_distinct_values": 1927, "frequent_values": ["P.S. X811", "P.S. 376", "John Adams High School", "Rachel Carson High School for Coastal Studies", "The Ivan Lafayette Early Childhood School of the Arts"], "data_type": [{"type": "TEXT", "count": 1992, "shortest_value": ["LYFE", "Kappa", "ALC -", "P.S. 89", "Muscota"], "longest_value": ["NYC Charter High School for Architecture, Engineering and Construction Industries (AECI)", "English Language Learners and International Support Preparatory Academy (ELLIS)", "Science Skills Center High School for Science, Technology and the Creative Arts", "Academy for College Preparation and Career Exploration: A College Board School", "PS 80 \u00a0The Thurgood Marshall Magnet School of Multimedia and Communication"], "average_length": 29.501506024096386}]}, {"column_name": "Managed_by", "number_non_empty_cells": 1992, "number_empty_cells": 0, "number_distinct_values": 2, "frequent_values": ["1", "2"], "data_type": [{"type": "INTEGER (LONG)", "count": 1992, "max_value": 2, "min_value": 1, "mean": 1.1320281124497993, "stddev": 0.3385213286821709}]}, {"column_name": "LCC", "number_non_empty_cells": 1992, "number_empty_cells": 0, "number_distinct_values": 10, "frequent_values": ["2", "5", "3", "15", "4"], "data_type": [{"type": "INTEGER (LONG)", "count": 1992, "max_value": 36, "min_value": 1, "mean": 5.0582329317269075, "stddev": 4.944940062208558}]}, {"column_name": "PrimaryBui", "number_non_empty_cells": 1992, "number_empty_cells": 0, "number_distinct_values": 1366, "frequent_values": ["K580", "X435", "M460", "X450", "X475"], "data_type": [{"type": "TEXT", "count": 1992, "shortest_value": ["Q686", "M017", "Q034", "K091", "R455"], "longest_value": ["Q686", "M017", "Q034", "K091", "R455"], "average_length": 4.0}]}, {"column_name": "BIN", "number_non_empty_cells": 1992, "number_empty_cells": 0, "number_distinct_values": 1334, "frequent_values": ["3348044", "2097470", "2011810", "1017828", "3043822"], "data_type": [{"type": "INTEGER (LONG)", "count": 1992, "max_value": 5149609, "min_value": 0, "mean": 2764075.324799197, "stddev": 1202859.5826383969}]}, {"column_name": "BBL", "number_non_empty_cells": 1992, "number_empty_cells": 0, "number_distinct_values": 1310, "frequent_values": ["0.0", "3001310001.0", "2051410150.0", "2030590001.0", "1008720057.0"], "data_type": [{"type": "REAL", "count": 1946, "max_value": 5078980001.0, "min_value": 0.0, "mean": 2660960954.7394657, "stddev": 1178716629.0127852}, {"type": "TEXT", "count": 46, "shortest_value": ["4.0388608E+9", "4.0985801E+9", "1.0011301E+9", "5.0147805E+9", "2.0513502E+9"], "longest_value": ["4.0388608E+9", "4.0985801E+9", "1.0011301E+9", "5.0147805E+9", "2.0513502E+9"], "average_length": 12.0}]}, {"column_name": "Address", "number_non_empty_cells": 1992, "number_empty_cells": 0, "number_distinct_values": 1372, "frequent_values": ["105 TECH PLACE", "500 EAST FORDHAM ROAD", "40 IRVING PLACE", "1980 LAFAYETTE AVENUE", "99 TERRACE VIEW AVENUE"], "data_type": [{"type": "TEXT", "count": 1992, "shortest_value": ["99 AVENUE P", "50 AVENUE P", "26 Broadway", "26 BROADWAY", "1 PECK SLIP"], "longest_value": ["1780 DR. MARTIN LUTHER KING JR. BLVD", "2987 FREDERICK DOUGLASS BOULEVARD", "100 WEST MOSHOLU PARKWAY SOUTH", "4140 HUTCHINSON RIVER PKWAY EA", "1010 REV. J. A. POLITE AVENUE"], "average_length": 18.399598393574298}]}, {"column_name": "City", "number_non_empty_cells": 1992, "number_empty_cells": 0, "number_distinct_values": 18, "frequent_values": ["BROOKLYN", "BRONX", "QUEENS", "MANHATTAN", "STATEN ISLAND"], "data_type": [{"type": "TEXT", "count": 1992, "shortest_value": ["BRONX", "Bronx", "QUEENS", "Queens", "JAMAICA"], "longest_value": ["LONG ISLAND CITY", "JACKSON HEIGHTS", "STATEN ISLAND", "Staten Island", "ROCKAWAY PARK"], "average_length": 7.2906626506024095}]}, {"column_name": "BoroNum", "number_non_empty_cells": 1992, "number_empty_cells": 0, "number_distinct_values": 6, "frequent_values": ["3", "2", "4", "1", "5"], "data_type": [{"type": "INTEGER (LONG)", "count": 1992, "max_value": 7, "min_value": 1, "mean": 2.664156626506024, "stddev": 1.1407742348888363}]}, {"column_name": "State", "number_non_empty_cells": 1992, "number_empty_cells": 0, "number_distinct_values": 1, "frequent_values": ["NY"], "data_type": [{"type": "TEXT", "count": 1992, "shortest_value": ["NY"], "longest_value": ["NY"], "average_length": 2.0}]}, {"column_name": "Zip", "number_non_empty_cells": 1992, "number_empty_cells": 0, "number_distinct_values": 175, "frequent_values": ["10456", "11212", "10457", "11221", "11207"], "data_type": [{"type": "INTEGER (LONG)", "count": 1992, "max_value": 11791, "min_value": 10001, "mean": 10795.784638554216, "stddev": 531.4269372770112}]}, {"column_name": "GeoDistric", "number_non_empty_cells": 1992, "number_empty_cells": 0, "number_distinct_values": 33, "frequent_values": ["2", "10", "11", "31", "9"], "data_type": [{"type": "INTEGER (LONG)", "count": 1992, "max_value": 32, "min_value": 0, "mean": 15.637048192771084, "stddev": 9.331430506781816}]}, {"column_name": "AdiminDist", "number_non_empty_cells": 1992, "number_empty_cells": 0, "number_distinct_values": 37, "frequent_values": ["84", "2", "10", "31", "9"], "data_type": [{"type": "INTEGER (LONG)", "count": 1992, "max_value": 93, "min_value": 1, "mean": 28.71636546184739, "stddev": 27.309478275089813}]}, {"column_name": "XCoordinat", "number_non_empty_cells": 1992, "number_empty_cells": 0, "number_distinct_values": 1324, "frequent_values": ["988103", "1030803", "1015058", "987835", "1024125"], "data_type": [{"type": "INTEGER (LONG)", "count": 1992, "max_value": 1065003, "min_value": 0, "mean": 1005794.6696787148, "stddev": 31509.939458351873}]}, {"column_name": "YCoordinat", "number_non_empty_cells": 1992, "number_empty_cells": 0, "number_distinct_values": 1328, "frequent_values": ["192646", "257757", "252424", "207189", "238502"], "data_type": [{"type": "INTEGER (LONG)", "count": 1992, "max_value": 268380, "min_value": 0, "mean": 207270.3137550201, "stddev": 31387.79518329258}]}, {"column_name": "Zip Codes", "number_non_empty_cells": 1992,